{"header-right6":{"text-22":{"title":"","text":"<div class=\"shop-event\">\r\n           <ul>\r\n                     <li><span>Shop Events & Save Up To 65% Off!<\/span><\/a><\/li>\r\n           <\/ul>\r\n<\/div>","filter":false,"widget_style":"pull-left","adoptions":"on","widget_display":{"display_select":"all","taxonomy-slugs":"","post-type":"","catid":"","postid":""}}},"left-blog":{"categories-3":{"title":"Blog Categories","count":0,"hierarchical":0,"dropdown":0,"widget_style":"default","adoptions":false,"widget_display":{"display_select":"all","taxonomy-slugs":"","post-type":"","catid":"","postid":""}},"tag_cloud-4":{"title":"Hot Tags","taxonomy":"post_tag","widget_style":"default","adoptions":false,"widget_display":{"display_select":"all","taxonomy-slugs":"","post-type":"","catid":"","postid":""}},"text-16":{"title":"","text":"<a href=\"#\"><img src=\"[bloginfo]\/wp-content\/uploads\/2016\/03\/banner-sidebar.jpg\"\/><\/a>","filter":false,"widget_style":"default","adoptions":false,"widget_display":{"display_select":"all","taxonomy-slugs":"","post-type":"","catid":"","postid":""}}},"right-blog":{"categories-4":{"title":"","count":0,"hierarchical":0,"dropdown":0,"widget_style":"default","adoptions":false,"widget_display":{"display_select":"all","taxonomy-slugs":"","post-type":"","catid":"","postid":""}},"tag_cloud-5":{"title":"Hot Tags","taxonomy":"post_tag","widget_style":"default","adoptions":false,"widget_display":{"display_select":"all","taxonomy-slugs":"","post-type":"","catid":"","postid":""}},"text-17":{"title":"","text":"<a href=\"#\"><img src=\"[bloginfo]\/wp-content\/uploads\/2016\/03\/banner-sidebar.jpg\"\/><\/a>","filter":false,"widget_style":"default","adoptions":false,"widget_display":{"display_select":"all","taxonomy-slugs":"","post-type":"","catid":"","postid":""}}},"top-header-right":{"text-6":{"title":"","text":"<div class=\"support-info\">\r\n           <ul>\r\n                     <li class=\"live-chat\"><a href=\"#\">Start <span>live chat<\/span><\/a><\/li>\r\n\r\n                     <li class=\"phone-support\">Call our customer service at: <span>096-999-8386<\/span><\/li>\r\n           <\/ul>\r\n<\/div>","filter":false,"widget_style":"default","adoptions":false,"widget_display":{"display_select":"all","taxonomy-slugs":"","post-type":"","catid":"","postid":""}}},"top-header-right6":{"text-23":{"title":"","text":"<div class=\"support-info\">\r\n           <ul>\r\n                     <li class=\"phone-support\">Call our customer service at: <span>096-999-8386<\/span><\/li>\r\n                     <li class=\"live-chat\"><a href=\"#\">Start <span>live chat<\/span><\/a><\/li>\r\n           <\/ul>\r\n<\/div>","filter":false,"widget_style":"default","adoptions":false,"widget_display":{"display_select":"all","taxonomy-slugs":"","post-type":"","catid":"","postid":""}}},"top-header-left":{"text-20":{"title":"","text":"<div class=\"support-info\">\r\n           <ul>\r\n                     <li class=\"phone-support\">Call our customer service at: <span>096-999-8386<\/span><\/li>\r\n           <\/ul>\r\n<\/div>","filter":false,"widget_style":"default","adoptions":"on","widget_display":{"display_select":"all","taxonomy-slugs":"","post-type":"","catid":"","postid":"821"}}},"top":{"nav_menu-2":{"nav_menu":6,"widget_style":"default","adoptions":false,"widget_display":{"display_select":"all","taxonomy-slugs":"","post-type":"","catid":"","postid":""}}},"top-lang":{"woocommerce_currency_converter-2":{"title":"","currency_codes":"USD\r\nEUR","show_reset":"","widget_style":"pull-left","adoptions":"on","widget_display":{"display_select":"all","taxonomy-slugs":"","post-type":"","catid":"","postid":""}},"text-2":{"title":"","text":"<div id=\"lang_sel\">\r\n\t<ul class=\"nav\">\r\n\t\t<li>\r\n\t\t\t<a class=\"lang_sel_sel icl-en\" href=\"#\">\r\n\t\t\t\t<img class=\"iclflag\" title=\"English\" alt=\"en\" src=\"[bloginfo]\/wp-content\/themes\/furnicom\/assets\/img\/en.png\" width=\"18\" height=\"12\"\/>\r\n\t\t\t\t English\r\n\t\t\t<\/a>\r\n\t\t\t<ul>\r\n\t\t\t\t<li class=\"icl-en\">\r\n\t\t\t\t\t<a href=\"[get_url]&amp;direction=ltr\">\r\n\t\t\t\t\t\t<img class=\"iclflag\" title=\"English\" alt=\"en\" src=\"[bloginfo]\/wp-content\/themes\/furnicom\/assets\/img\/en.png\" width=\"18\" height=\"12\"\/>\r\n\t\t\t\t\t\t English\r\n\t\t\t\t\t<\/a>\r\n\t\t\t\t<\/li>\r\n\t\t\t\t<li class=\"icl-ar\">\r\n\t\t\t\t\t<a href=\"[get_url]&amp;direction=rtl\">\r\n\t\t\t\t\t\t<img class=\"iclflag\" title=\"Arabic\" alt=\"ar\" src=\"[bloginfo]\/wp-content\/themes\/furnicom\/assets\/img\/ar.png\" width=\"18\" height=\"12\"\/>\r\n\t\t\t\t\t\tArabic\r\n\t\t\t\t\t<\/a>\r\n\t\t\t\t<\/li>\r\n\t\t\t<\/ul>\r\n\t\t<\/li>\r\n\t<\/ul>\r\n<\/div>","filter":false,"widget_style":"pull-left","adoptions":"on","widget_display":{"display_select":"all","taxonomy-slugs":"","post-type":"","catid":"","postid":""}}},"header-right":{"sw_ajax_woocommerce_search-2":{"title":"Ajax Search","show_title":"0","extra_class":"","width_image":"50","height_image":"50","limit":"5","character":"3","show_category":"0","show_image":"1","show_price":"1","search_type":"0","widget_template":"default","widget_style":"pull-left","adoptions":"on","widget_display":{"display_select":"all","taxonomy-slugs":"","post-type":"","catid":"","postid":""}},"text-7":{"title":"","text":"<div class=\"icon-shipping\">\r\n<img src=\"https:\/\/demo.wpthemego.com\/themes\/sw_furnicom\/wp-content\/uploads\/2016\/01\/icon-shipping.png\" title=\"shipping\" alt=\"shipping\" \/>\r\n<\/div>","filter":false,"widget_style":"pull-left","adoptions":"on","widget_display":{"display_select":"if_no_selected","taxonomy-slugs":"","post-type":"","catid":"","postid":"672"}},"furnicom_top-3":{"title":"","widget_template":"minicart","widget_style":"pull-right","adoptions":"on","widget_display":{"display_select":"all","taxonomy-slugs":"","post-type":"","catid":"","postid":""}}},"header-right5":{"text-21":{"title":"","text":"<div class=\"support-info\">\r\n           <ul>\r\n                     <li class=\"live-chat\"><a href=\"#\">Start <span>live chat<\/span><\/a><\/li>\r\n           <\/ul>\r\n<\/div>","filter":false,"widget_style":"pull-left","adoptions":"on","widget_display":{"display_select":"all","taxonomy-slugs":"","post-type":"","catid":"","postid":""}}},"header-right8":{"text-29":{"title":"","text":"<div class=\"sale-off\">\r\nShop Events & Save Up To 65% Off!\r\n<\/div>","filter":false,"widget_style":"pull-left","adoptions":"on","widget_display":{"display_select":"all","taxonomy-slugs":"","post-type":"1080","catid":"","postid":"","checkbox":{"menus":{"primary-menu":{"1043":"on"}}}}}},"header-left":{"sw_ajax_woocommerce_search-5":{"title":"","show_title":"0","extra_class":"","width_image":"50","height_image":"50","limit":"5","character":"3","show_category":"0","show_image":"1","show_price":"1","search_type":"0","widget_template":"default","widget_style":"default","adoptions":false,"widget_display":{"display_select":"all","taxonomy-slugs":"","post-type":"","catid":"","postid":""}}},"header-slider":{"rev-slider-widget-2":{"rev_slider_title":"","rev_slider":"14","rev_slider_pages":"1086","widget_style":"default","widget_display":{"display_select":"all","taxonomy-slugs":"","post-type":"","catid":"","postid":""},"adoptions":false}},"above-header":{"sw_ajax_woocommerce_search-4":{"title":"","show_title":"0","extra_class":"","width_image":"50","height_image":"50","limit":"5","character":"3","show_category":"0","show_image":"1","show_price":"1","search_type":"0","widget_template":"default","widget_style":"pull-left","adoptions":"on","widget_display":{"display_select":"all","taxonomy-slugs":"","post-type":"","catid":"","postid":""}}},"above-header9":{"sw_ajax_woocommerce_search-6":{"title":"","show_title":"0","extra_class":"","width_image":"50","height_image":"50","limit":"5","character":"3","show_category":"0","show_image":"1","show_price":"1","search_type":"0","widget_template":"default","widget_style":"default","adoptions":false,"widget_display":{"display_select":"all","taxonomy-slugs":"","post-type":"","catid":"","postid":""}}},"login-top":{"nav_menu-7":{"nav_menu":77,"widget_style":"default","adoptions":"on","widget_display":{"display_select":"all","checkbox":{"general":{"search":"on"}},"taxonomy-slugs":"","post-type":"","catid":"","postid":""}},"furnicom_top-5":{"title":"","widget_template":"login","widget_style":"default","adoptions":"on","widget_display":{"display_select":"all","taxonomy-slugs":"","post-type":"","catid":"","postid":""}}},"wrap-top":{"nav_menu-6":{"nav_menu":6,"widget_style":"default","adoptions":false,"widget_display":{"display_select":"all","taxonomy-slugs":"","post-type":"","catid":"","postid":""}},"woocommerce_currency_converter-3":{"title":"","currency_codes":"USD\r\nEUR","show_reset":"","widget_style":"pull-left","adoptions":"on","widget_display":{"display_select":"all","taxonomy-slugs":"","post-type":"","catid":"","postid":""}},"text-13":{"title":"","text":"<div id=\"lang_sel\">\r\n\t<ul class=\"nav\">\r\n\t\t<li>\r\n\t\t\t<a class=\"lang_sel_sel icl-en\" href=\"#\">\r\n\t\t\t\t<img class=\"iclflag\" title=\"English\" alt=\"en\" src=\"[bloginfo]\/wp-content\/themes\/furnicom\/assets\/img\/en.png\">\r\n\t\t\t\t English\r\n\t\t\t<\/a>\r\n\t\t\t<ul>\r\n\t\t\t\t<li class=\"icl-en\">\r\n\t\t\t\t\t<a href=\"[get_url]&amp;direction=ltr\">\r\n\t\t\t\t\t\t<img class=\"iclflag\" title=\"English\" alt=\"en\" src=\"[bloginfo]\/wp-content\/themes\/furnicom\/assets\/img\/en.png\">\r\n\t\t\t\t\t\t English\r\n\t\t\t\t\t<\/a>\r\n\t\t\t\t<\/li>\r\n\t\t\t\t<li class=\"icl-ar\">\r\n\t\t\t\t\t<a href=\"[get_url]&amp;direction=rtl\">\r\n\t\t\t\t\t\t<img class=\"iclflag\" title=\"Arabic\" alt=\"ar\" src=\"[bloginfo]\/wp-content\/themes\/furnicom\/assets\/img\/ar.png\">\r\n\t\t\t\t\t\tArabic\r\n\t\t\t\t\t<\/a>\r\n\t\t\t\t<\/li>\r\n\t\t\t<\/ul>\r\n\t\t<\/li>\r\n\t<\/ul>\r\n<\/div>","filter":false,"widget_style":"furnicom-lang","adoptions":"on","widget_display":{"display_select":"all","taxonomy-slugs":"","post-type":"","catid":"","postid":""}},"sw_ajax_woocommerce_search-3":{"title":"","show_title":"0","extra_class":"","width_image":"50","height_image":"50","limit":"5","character":"3","show_category":"0","show_image":"1","show_price":"1","search_type":"0","widget_template":"default","widget_style":"pull-right","adoptions":"on","widget_display":{"display_select":"all","taxonomy-slugs":"","post-type":"","catid":"","postid":""}}},"menu-right":{"text-12":{"title":"","text":"<div class=\"hot-deal\">\r\n            <h3><a href=\"https:\/\/demo.wpthemego.com\/themes\/sw_furnicom\/?product_cat=deal-1\">Hot Deals<\/a><\/h3>\r\n<\/div>","filter":"content","widget_style":"pull-left","adoptions":"on","widget_display":{"display_select":"if_selected","checkbox":{"users":{"login":"on","logout":"on"}},"taxonomy-slugs":"","post-type":"page","catid":"","postid":"672,918,1024"}}},"bottom-detail-product":{"sw_related_upsell_widget-2":{"title1":"Related Products","description1":"","numberposts":5,"length":25,"columns":3,"columns1":3,"columns2":2,"columns3":2,"columns4":1,"interval":5000,"speed":1000,"scroll":1,"autoplay":"true","widget_template":"related","widget_style":"default","adoptions":false,"widget_display":{"display_select":"all","taxonomy-slugs":"","post-type":"","catid":"","postid":""}},"sw_related_upsell_widget-3":{"title1":"Upsell Products","description1":"","numberposts":5,"length":25,"columns":3,"columns1":3,"columns2":2,"columns3":2,"columns4":1,"interval":5000,"speed":1000,"scroll":1,"autoplay":"true","widget_template":"upsell","widget_style":"default","adoptions":false,"widget_display":{"display_select":"all","taxonomy-slugs":"","post-type":"","catid":"","postid":""}}},"left-product":{"woocommerce_price_filter-2":{"title":"shop by","widget_style":"default","adoptions":false,"widget_display":{"display_select":"all","taxonomy-slugs":"","post-type":"","catid":"","postid":""}},"woocommerce_product_tag_cloud-3":{"title":"Hot Tags","widget_style":"default","adoptions":false,"widget_display":{"display_select":"all","taxonomy-slugs":"","post-type":"","catid":"","postid":""}},"furnicom_best_seller_product-2":{"title":"Best Sellers","el_class":"","style_title":"title1","numberposts":4,"widget_template":"default","widget_style":"default","adoptions":false,"widget_display":{"display_select":"all","taxonomy-slugs":"","post-type":"","catid":"","postid":""}},"text-15":{"title":"","text":"<a href=\"#\"><img src=\"[bloginfo]\/wp-content\/uploads\/2016\/03\/banner-sidebar.jpg\"\/><\/a>","filter":false,"widget_style":"default","adoptions":false,"widget_display":{"display_select":"all","taxonomy-slugs":"","post-type":"","catid":"","postid":""}},"woocommerce_product_categories-2":{"title":"Product categories","orderby":"name","dropdown":0,"count":0,"hierarchical":1,"show_children_only":0,"hide_empty":0,"max_depth":"","widget_style":"default","adoptions":false,"widget_display":{"display_select":"all","taxonomy-slugs":"","post-type":"","catid":"","postid":""}}},"right-product":{"woocommerce_price_filter-3":{"title":"shop by","widget_style":"default","adoptions":false,"widget_display":{"display_select":"all","taxonomy-slugs":"","post-type":"","catid":"","postid":""}},"woocommerce_product_tag_cloud-2":{"title":"Hot Tags","widget_style":"default","adoptions":false,"widget_display":{"display_select":"all","taxonomy-slugs":"","post-type":"","catid":"","postid":""}},"furnicom_best_seller_product-3":{"title":"Best Sellers","el_class":"","style_title":"title1","numberposts":5,"widget_template":"default","widget_style":"default","adoptions":false,"widget_display":{"display_select":"all","taxonomy-slugs":"","post-type":"","catid":"","postid":""}},"text-14":{"title":"","text":"<a href=\"#\"><img src=\"[bloginfo]\/wp-content\/uploads\/2016\/03\/banner-sidebar.jpg\"\/><\/a>","filter":false,"widget_style":"default","adoptions":false,"widget_display":{"display_select":"all","taxonomy-slugs":"","post-type":"","catid":"","postid":""}}},"bottom-detail-product-mobile":{"sw_related_upsell_widget-4":{"title1":"Related","description1":"0","numberposts":5,"length":25,"columns":1,"columns1":1,"columns2":1,"columns3":5,"columns4":5,"interval":5000,"speed":1000,"scroll":1,"autoplay":"false","widget_template":"related-mobile","widget_style":"default","adoptions":false,"widget_display":{"display_select":"all","taxonomy-slugs":"","post-type":"","catid":"","postid":""}}},"filter-mobile":{"woocommerce_layered_nav-2":{"title":"Color","attribute":"color","display_type":"list","query_type":"and","widget_style":"default","adoptions":false,"widget_display":{"display_select":"all","taxonomy-slugs":"","post-type":"","catid":"","postid":""}},"woocommerce_layered_nav-3":{"title":"Weight","attribute":"weight","display_type":"list","query_type":"and","widget_style":"default","adoptions":false,"widget_display":{"display_select":"all","taxonomy-slugs":"","post-type":"","catid":"","postid":""}},"woocommerce_price_filter-4":{"title":"Price","widget_style":"default","adoptions":false,"widget_display":{"display_select":"all","taxonomy-slugs":"","post-type":"","catid":"","postid":""}}},"above-footer":{"text-18":{"title":"","text":"<div class=\"need-help\">\r\n<h3>NEED HELP? CALL OUR AWARD-WINNING<\/h3>\r\nSUPPORT TEAM 24\/7 AT (844) 555-8386\r\n<\/div>","filter":false,"widget_style":"pull-left","adoptions":"on","widget_display":{"display_select":"all","taxonomy-slugs":"","post-type":"","catid":"","postid":""}},"text-19":{"title":"","text":"[mc4wp_form id=\"197\"]","filter":false,"widget_style":"pull-right","adoptions":"on","widget_display":{"display_select":"all","taxonomy-slugs":"","post-type":"","catid":"","postid":""}}},"menu-footer":{"text-31":{"title":"","text":"[logo_footer]","filter":false,"widget_style":"pull-left","adoptions":"on","widget_display":{"display_select":"all","taxonomy-slugs":"","post-type":"","catid":"","postid":""}},"nav_menu-11":{"nav_menu":136,"widget_style":"pull-left","adoptions":"on","widget_display":{"display_select":"all","taxonomy-slugs":"","post-type":"","catid":"","postid":""}}},"footer":{"nav_menu-3":{"title":"Our Services","nav_menu":31,"widget_style":"col-3","adoptions":"on","widget_display":{"display_select":"all","taxonomy-slugs":"","post-type":"","catid":"","postid":""}},"nav_menu-4":{"title":"Extras","nav_menu":32,"widget_style":"col-3","adoptions":"on","widget_display":{"display_select":"all","taxonomy-slugs":"","post-type":"","catid":"","postid":""}},"nav_menu-5":{"title":"My Account","nav_menu":33,"widget_style":"col-3","adoptions":"on","widget_display":{"display_select":"all","taxonomy-slugs":"","post-type":"","catid":"","postid":""}},"text-9":{"title":"Contact Us","text":"<div class=\"contact-footer\">\r\n           <ul>\r\n                     <li><i class=\"fa fa-map-marker\"><\/i><span>Megnor Comp Pvt Limited,<br\/>\r\nTrade Centre, Udhana Darwaja<\/span><\/li>\r\n                     <li><i class=\"fa fa-mobile\"><\/i>(91)-261 3023333<\/li>\r\n                     <li><i class=\"fa fa-envelope\"><\/i><a href=\"#\">demo@Furnicom.com<\/a><\/li>\r\n           <\/ul>\r\n           <div class=\"payment\">\r\n                      <a href=\"#\"><img src=\"[bloginfo]\/wp-content\/uploads\/2016\/02\/payment.png\" title=\"payment\" alt=\"payment\"  width=\"196\" height=\"61\"\/><\/a>\r\n           <\/div>\r\n<\/div>","filter":false,"widget_style":"col-3","adoptions":"on","widget_display":{"display_select":"all","taxonomy-slugs":"","post-type":"","catid":"","postid":""}}},"footer-2":{"text-11":{"title":"Download Our App","text":"<div class=\"app-store\">\r\n           <a href=\"#\"><img src=\"[bloginfo]\/wp-content\/uploads\/2016\/02\/apstore.png\" title=\"app store\" alt=\"app store\"  width=\"117\" height=\"40\"\/><\/a>\r\n          <a href=\"#\"><img src=\"[bloginfo]\/wp-content\/uploads\/2016\/02\/googleplay.png\" title=\"app store\" alt=\"app store\" width=\"119\" height=\"40\"\/><\/a>\r\n<\/div>","filter":false,"widget_style":"col-6","adoptions":"on","widget_display":{"display_select":"all","taxonomy-slugs":"","post-type":"","catid":"","postid":""}},"text-10":{"title":"Follow Us","text":"<div class=\"shop-social\">\r\n\t <ul>\r\n\t\t\t  <li><a href=\"http:\/\/www.facebook.com\/wpthemego\"><i class=\"fa fa-facebook\"><\/i><\/a><\/li>\r\n\r\n\t\t\t  <li><a href=\"https:\/\/twitter.com\/wpthemego\"><i class=\"fa fa-twitter\"><\/i><\/a><\/li>       \r\n\r\n\t\t\t  <li><a href=\"https:\/\/plus.google.com\/u\/0\/b\/117616422700848151321\/117616422700848151321\"><i class=\"fa fa-google-plus\"><\/i><\/a><\/li>\r\n\r\n\t\t\t   <li><a href=\"#\"><i class=\"fa fa-tumblr\"><\/i><\/a><\/li>\r\n\r\n\t\t\t   <li><a href=\"http:\/\/www.pinterest.com\/wpthemego\/\"><i class=\"fa fa-pinterest-p\"><\/i><\/a><\/li>\r\n\r\n\t <\/ul>\r\n<\/div>","filter":"content","widget_style":"col-6","adoptions":"on","widget_display":{"display_select":"all","taxonomy-slugs":"","post-type":"","catid":"","postid":""}}},"footer1":{"text-24":{"title":"Contact Us","text":"<div class=\"contact-footer\">\r\n           <ul>\r\n                     <li><i class=\"fa fa-map-marker\"><\/i><span>Megnor Comp Pvt Limited,<br\/>\r\nTrade Centre, Udhana Darwaja<\/span><\/li>\r\n                     <li><i class=\"fa fa-mobile\"><\/i>(91)-261 3023333<\/li>\r\n                     <li><i class=\"fa fa-envelope\"><\/i><a href=\"#\">demo@Furnicom.com<\/a><\/li>\r\n           <\/ul>\r\n           <div class=\"payment\">\r\n                      <a href=\"#\"><img src=\"[bloginfo]\/wp-content\/uploads\/2016\/02\/payment.png\" title=\"payment\" alt=\"payment\"  width=\"196\" height=\"61\"\/><\/a>\r\n           <\/div>\r\n<\/div>","filter":false,"widget_style":"col-3","adoptions":"on","widget_display":{"display_select":"all","taxonomy-slugs":"","post-type":"","catid":"","postid":""}},"nav_menu-8":{"title":"Our Services","nav_menu":31,"widget_style":"col-3","adoptions":"on","widget_display":{"display_select":"all","taxonomy-slugs":"","post-type":"","catid":"","postid":""}},"nav_menu-9":{"title":"Extras","nav_menu":32,"widget_style":"col-3","adoptions":"on","widget_display":{"display_select":"all","taxonomy-slugs":"","post-type":"","catid":"","postid":""}},"nav_menu-10":{"title":"My Account","nav_menu":33,"widget_style":"col-3","adoptions":"on","widget_display":{"display_select":"all","taxonomy-slugs":"","post-type":"","catid":"","postid":""}}},"footer-3":{"text-25":{"title":"Download Our App","text":"<div class=\"app-store\">\r\n           <a href=\"#\"><img src=\"[bloginfo]\/wp-content\/uploads\/2016\/09\/apstore1.png\" title=\"app store\" alt=\"app store\"  width=\"117\" height=\"40\"\/><\/a>\r\n          <a href=\"#\"><img src=\"[bloginfo]\/\/wp-content\/uploads\/2016\/09\/googleplay1.png\" title=\"app store\" alt=\"app store\" width=\"119\" height=\"40\"\/><\/a>\r\n<\/div>","filter":false,"widget_style":"pull-left","adoptions":"on","widget_display":{"display_select":"all","taxonomy-slugs":"","post-type":"","catid":"","postid":""}},"text-26":{"title":"Follow Us","text":"<div class=\"shop-social\">\r\n\t <ul>\r\n\t\t\t  <li><a href=\"http:\/\/www.facebook.com\/wpthemego\"><i class=\"fa fa-facebook\"><\/i><\/a><\/li>\r\n\r\n\t\t\t  <li><a href=\"https:\/\/twitter.com\/wpthemego\"><i class=\"fa fa-twitter\"><\/i><\/a><\/li>       \r\n\r\n\t\t\t  <li><a href=\"https:\/\/plus.google.com\/u\/0\/b\/117616422700848151321\/117616422700848151321\"><i class=\"fa fa-google-plus\"><\/i><\/a><\/li>\r\n\r\n\t\t\t   <li><a href=\"#\"><i class=\"fa fa-tumblr\"><\/i><\/a><\/li>\r\n\r\n\t\t\t   <li><a href=\"http:\/\/www.pinterest.com\/wpthemego\/\"><i class=\"fa fa-pinterest-p\"><\/i><\/a><\/li>\r\n\r\n\t <\/ul>\r\n<\/div>","filter":"content","widget_style":"col-6","adoptions":"on","widget_display":{"display_select":"all","taxonomy-slugs":"","post-type":"","catid":"","postid":""}}},"footer-4":{"text-28":{"title":"Download Our App","text":"<div class=\"app-store\">\r\n           <a href=\"#\"><img src=\"[bloginfo]\/wp-content\/uploads\/2016\/09\/apstore1.png\" title=\"app store\" alt=\"app store\"  width=\"117\" height=\"40\"\/><\/a>\r\n          <a href=\"#\"><img src=\"[bloginfo]\/\/wp-content\/uploads\/2016\/09\/googleplay1.png\" title=\"app store\" alt=\"app store\" width=\"119\" height=\"40\"\/><\/a>\r\n<\/div>","filter":false,"widget_style":"col-6","adoptions":"on","widget_display":{"display_select":"all","taxonomy-slugs":"","post-type":"","catid":"","postid":""}},"text-27":{"title":"","text":"<div class=\"shop-social\">\r\n<h3>Follow Us<\/h3>\r\n\t <ul>\r\n\t\t\t  <li><a href=\"http:\/\/www.facebook.com\/wpthemego\"><i class=\"fa fa-facebook\"><\/i><\/a><\/li>\r\n\r\n\t\t\t  <li><a href=\"https:\/\/twitter.com\/wpthemego\"><i class=\"fa fa-twitter\"><\/i><\/a><\/li>       \r\n\r\n\t\t\t  <li><a href=\"https:\/\/plus.google.com\/u\/0\/b\/117616422700848151321\/117616422700848151321\"><i class=\"fa fa-google-plus\"><\/i><\/a><\/li>\r\n\r\n\t\t\t   <li><a href=\"#\"><i class=\"fa fa-tumblr\"><\/i><\/a><\/li>\r\n\r\n\t\t\t   <li><a href=\"http:\/\/www.pinterest.com\/wpthemego\/\"><i class=\"fa fa-pinterest-p\"><\/i><\/a><\/li>\r\n\r\n\t <\/ul>\r\n<\/div>","filter":"content","widget_style":"col-6","adoptions":"on","widget_display":{"display_select":"all","taxonomy-slugs":"","post-type":"","catid":"","postid":""}}},"copyright":{"text-30":{"title":"","text":"<div class=\"payment\">\r\n                      <a href=\"#\"><img src=\"[bloginfo]\/wp-content\/uploads\/2017\/04\/payment123.png\" title=\"payment\" alt=\"payment\"  width=\"196\" height=\"61\"\/><\/a>\r\n           <\/div>","filter":false,"widget_style":"default","adoptions":false,"widget_display":{"display_select":"all","taxonomy-slugs":"","post-type":"","catid":"","postid":""}}}}